{
    "Gauge":[
             {
             "uuid": "7174d8f-1b8e-4599-8a59-b580dd55bc87",
             "name": "EITZE",
             "longitude": 9.27676943537587,
             "latitude": 52.90406541008721,
             "currentMeasurement": 353.0
             },
             {
             "uuid": "ee52ce62-212c-4735-b438-26fbdc37e3e2",
             "name": "BERLIN-PLOETZENSEE OP",
             "longitude": 13.32314190907983,
             "latitude": 52.54369958358309,
             "currentMeasurement": 56.0
             },
             {
             "uuid": "4520c1a8-174c-4b95-9ca3-fe1e3f9d874a",
             "name": "PASSAU LUITPOLDBRUECKE DFH",
             "longitude": 13.472832549818259,
             "latitude": 48.57583526499114,
             "currentMeasurement": 866.0
             },
             {
             "uuid": "9f12c405-35ac-4d90-9b7b-023be355867e",
             "name": "PASSAU DONAU",
             "longitude": 13.459076672254577,
             "latitude": 48.57612011844346,
             "currentMeasurement": 410.0
             },
             {
             "uuid": "25582d3f-dc5f-4c70-bd08-e84fd13201ca",
             "name": "MANNHEIM NECKAR",
             "longitude": 8.469364961262574,
             "latitude": 49.49435041107864,
             "currentMeasurement": -88.0
             }
         
              ]
}
